institution_name,app_name,star_rating,complaint_category,review_body,ai_customer_response
Toyota,Toyota,1,Login and Remote Vehicle Functions,"Issue: Randomly logged out since last use even though it is supposed to keep me signed in. Attempt to login with biometric but some sort of login authentication bug. App hangs. Close app. Try again. Same thing. Repeat a few times while checking out at store or trying to finish some other task. Stop what I'm doing to try tapping in my login email and password instead. App hangs. Close app. Try again. This time it spins on logging in for a few minutes. Finally have access to app! Scroll and press remote services start to pre-cool vehicle. App freezes for a few minutes. Finally returns error that the climate control system could not be started, please check vehicle communication status. This is secret code that I forgot to lock my doors because this is required for remote starting. Exit app, because door lock/unlock feature is not inside the app but instead requires a press/hold of the app button on my phone home page. I press and hold and then click unlock. Error returned that my vehicle is not remote capable. I note that door lock/unlock is an advertised feature for my vehicle when equipped with Premium Audio and Remote Connect. Oops, my bad! Even with the recent app update, it seems remote door lock/unlock is only available to some Apple iOS users of my exact vehicle who have managed to get it working, but still broken for months on Android. 15 minutes have now transpired and I arrive at my sweltering car. And all this will cost me $8 a month after the first year? LOL.","Thank you for taking the time to share your feedback, and please accept our sincere apologies for your frustrating experience with the Toyota app. We completely understand how aggravating it is to deal with unexpected logouts, biometric login freezes, and remote start failures—especially when you are simply trying to cool down your vehicle on a hot day. 

Your concerns regarding login stability and the Android remote door lock and climate control errors are very important to us. We want to ensure your connected services perform reliably. 

To help us investigate your specific vehicle profile and app setup, please reach out directly to our Toyota Brand Engagement Center at 1-800-331-4331 or select the ""Help & Support"" option within the app. A representative will be glad to assist you."
Lexus,Lexus,1,Incorrect or Outdated Vehicle Data,"I bought a new ES in January. The dealer's tech expert tried off and on for a week to get the app communicating with my car, to the point they gave me a loaner car to give him time to work on it with the Lexus people. They finally got it registered, but it still does not work properly. Some data is correct, others haven't been updated in 2 weeks.Remote access may or may not be available at any given time. The ""distance to empty"" has been stuck on 101 for that time. It correctly shows that tire pressure is at 35, yet a message pops up that one or more tires is critically low. At one point it said I had driven the car 16.7 million miles! I cleared the cache, the data, and reinstalled the app -- nothing helps. It's a bit ironic that a builder of quality cars cannot get their app developer to build a quality app that can be relied on. UPDATE: ""Lexus Mobile Apps"" did respond and asked me to call for more info. The number is just the central number and the rep, while most helpful, was unfamiliar how to redirect the call.","Thank you for sharing your feedback, and we sincerely apologize for the frustration you have experienced with your new ES. We understand how disappointing it is to encounter erratic vehicle data—such as incorrect tire alerts, a frozen distance-to-empty reading, and inaccurate mileage—especially after the time you and your dealer have already spent trying to resolve this. We also deeply regret the runaround you experienced when calling our support line; this falls short of the seamless experience you rightfully expect from Lexus. 

To ensure this is properly escalated, we encourage you to contact our dedicated Lexus Connected Services team directly at 1-800-255-3987 (and specify ""Connected Services"" when prompted) or submit an inquiry through the ""Help"" section within the app. This will connect you with a specialized agent who can review your vehicle's telematics communication directly and assist in addressing these persistent data issues."
Toyota,Toyota,1,Battery Drain and App Performance,"24/7 Battery Drain unless the app is force killed. ""Closing"" the app is not sufficient, must be force killed or it will drain the battery down to 20% (from a full charge) overnight, every night. Constant 24/7 CPU usage keeps my pants nice and warm unless the app is force killed after every use. Always #1 in ""Apps with high battery usage or frequent crashes"", and reported battery consumption. Takes more presses to get to the same information. Shows less information (windows/doors). Defies common UX expectations (cannot click on Tire Pressure to to get Tire Pressure, must click elsewhere). The previous app kinda sucked. How you made the new one *worse* blows my mind. It STILL puts up a non-removable, notsatifiable notification flag that says ""Ready To Connect"" even when connected and working - all day every day, this has been a problem for six months! (UI Opinion aside, seriously, the 24x7 battery drain is killer, and the ""Ready To Connect"" badge is infuriating.)","Hello, thank you for taking the time to share your detailed feedback. We sincerely apologize for the frustration you’ve experienced with the Toyota app. We understand how disruptive it is to deal with severe overnight battery drain, the need to constantly force-close the app, and an ongoing ""Ready to Connect"" notification, alongside a frustrating navigation experience. 

We take reports regarding high background CPU usage and performance issues very seriously, and your comments regarding the interface and battery consumption have been shared directly with our app development team. 

To help us take a closer look at your specific device and vehicle configuration, please reach out to our Toyota Brand Engagement Center at 1-800-331-4331 or contact us through the app’s support section so we can assist you further."
